0,1,2,3
0.29129922,2.5863962,1.4805112,0.7662935
1.1376178,0.34679836,3.5133398,0.19401892
0.1264248,0.942969,1.6617266,2.1539505
2.4857008,0.6397694,0.3391601,1.5494797
1.3432493,1.6073037,1.353579,0.75857246
1.0350668,0.98993796,1.7234681,1.5725026
1.4242332,0.2070006,1.8322803,1.5347595
2.2671347,1.497021,0.9375615,0.21357
1.945521,0.8329263,0.98350835,1.0726353
1.7871208,2.1850028,0.35948393,0.7825373
1.7507067,0.70423055,1.5951852,0.8795418
0.8679861,1.1561712,2.4911003,0.64313227
1.2302293,2.369086,0.1863342,1.453521
1.2637012,0.024446106,2.344559,1.3662455
1.8079746,-0.038599335,1.8404808,1.3620108
2.0453098,1.8631568,0.9636603,0.36292642
1.965865,1.6554937,1.422808,0.17228128
2.0441682,1.2536559,0.39523706,1.299395
0.7486895,2.1640193,2.1754894,0.08235033
2.0683334,2.0657237,0.6083302,0.37023398
1.9087912,1.7964745,0.2529171,1.0151339
0.06843555,0.014922817,3.2518187,1.6358563
1.5295478,2.1281075,0.85202324,0.43588775
0.9431915,2.1404335,0.38411924,1.6280091
0.9287978,2.1186724,1.5081284,0.66152406
1.1462369,0.5938549,1.0544865,2.3718793
2.1589553,1.3858465,0.2420263,1.2456112
0.4826685,2.1331463,1.6703914,0.46916804
0.9051896,1.4170337,2.278439,0.21983108
1.0469937,1.665098,0.87280136,1.3519363
1.4976592,1.0381598,2.078058,0.2663655
1.6651659,1.3405463,0.61962324,1.3848585
1.1875451,2.4730408,0.30336818,1.0664895
2.149104,1.1214644,1.5825621,0.21892399
0.1905768,2.7907665,1.476447,0.68966186
0.90299666,0.052986324,2.7619538,1.4538696
2.3559663,1.0357342,0.19942005,1.5838838
0.5866199,1.8675032,0.31610373,1.9592234
2.343278,0.19426583,1.0213679,1.4177933
0.42968532,0.4763859,1.2418845,2.901196
0.14040057,2.4859264,1.27371,1.1870717
1.1716723,0.48994517,0.25162137,3.0886314
2.020241,0.5901159,0.16715558,1.8725743
1.3084558,0.5505838,1.0774024,1.9525551
0.8787837,1.6093978,0.5402717,1.8588555
0.44626734,2.467342,1.1508336,1.0664756
0.11966243,2.3417838,2.0379426,0.33380368
1.9275031,0.09854318,1.8580818,1.0392708
0.37125394,0.17807528,1.9035096,2.7410717
0.019104633,0.609953,2.8224542,1.2606037
1.3026149,0.49551493,0.75490135,2.1985328
0.57247925,0.2521142,1.6709323,2.4861665
2.0335693,1.1295834,0.98423725,0.89436376
1.0410211,1.4433856,1.2823381,1.3673251
2.535608,1.4919895,0.10910976,1.0302062
2.1311119,0.9412526,0.6150561,1.2029871
1.2906526,2.2835162,0.09131311,0.9338193
1.8388046,0.89785874,0.62515056,1.6207784
1.4089386,0.9430165,1.9901006,0.47317234
0.6746446,2.1658382,0.16045898,1.9601185
2.0181093,1.5096691,0.7105935,0.61067605
1.4338858,0.28835788,2.699504,0.60243505
0.580836,1.995668,1.6782979,0.8618189
0.35389158,0.4311806,1.1703875,2.957498
0.84692603,2.401927,0.14832516,1.6798629
2.2258036,1.5640159,0.6785407,0.6092565
1.6462648,0.045369256,2.6101637,0.78060776
1.7746611,0.29254293,0.5173753,2.4392684
1.0152524,2.5970147,0.29447222,1.0929533
2.2131348,1.5134555,0.7488302,0.26866013
2.4957237,1.0457929,0.7504344,0.9329469
1.3156118,1.6700329,0.08637587,1.8520519
2.50346,-0.13957933,2.1487408,0.6404773
0.6633813,2.1249585,1.1381934,1.1559286
0.78088766,1.6566136,0.14813778,2.4200015
1.5227579,1.5267417,1.2442706,0.6366571
0.38799295,0.37234232,2.958421,1.251611
2.2339644,1.0798854,-0.027374104,1.702281
1.0828712,1.7353106,0.06853655,2.1673737
0.217068,1.7747296,1.43564,1.2681088
2.272124,1.6009489,1.0046067,-0.014785491
-0.054637752,1.6762319,2.061395,1.4267086
1.2239528,1.7192533,1.4117908,0.795749
2.127049,1.2431209,1.1317106,0.34270775
1.8466269,0.094902396,3.0568585,0.17147931
1.3718419,1.8541557,0.16091584,1.4234241
0.50711626,2.3146474,0.777936,1.2939801
2.3428383,0.5772436,0.5270076,1.5739522
0.24686927,2.5684857,1.4089909,0.5272921
0.79895616,1.8442032,1.4494815,1.0833012
1.7346283,0.9707757,0.94083035,1.1481493
2.3928175,0.15657423,1.2812845,1.2886724
2.3721054,0.22011295,1.7859304,0.27787724
2.3170233,0.27416778,2.5032299,0.21709307
2.5545814,1.4483514,0.7468522,0.54917943
1.415408,1.6153861,1.8262221,0.28848252
0.4292634,2.3460433,1.2249156,1.2244915
1.5639846,1.1942625,1.916175,0.25241697
0.9239274,0.91194105,2.231933,0.8928945
0.40547213,2.0161161,1.0524839,1.516482
1.2097055,1.6087016,1.2465837,1.1041241
0.73316294,0.4415095,2.5418012,1.4465717
2.5707655,0.82465386,0.5578111,0.7887181
0.24050225,1.3946576,1.771035,1.6858344
1.5998794,0.38840926,0.33645687,2.507922
0.16916896,2.4671845,1.1709282,0.9608656
0.03967791,0.14587277,2.6542084,2.072619
2.5478714,1.5654477,1.1454886,-0.087999426
2.2488296,1.1555939,0.62629426,0.9579575
0.41669932,1.278759,1.4022936,1.9815773
1.3126193,0.10828372,0.41821584,3.004617
1.846755,0.19789739,1.356299,1.5519451
0.77603245,-0.09066787,2.3404617,1.920567
1.168845,1.2095792,1.2392787,1.4634728
1.0784625,1.8726885,1.2133219,0.5821765
1.8634083,1.9555832,0.12995961,1.0272188
2.3325207,0.2403409,2.0389695,0.688906
0.31487384,0.52714574,2.4714894,1.6209673
2.232078,0.38294154,1.3443608,1.1520095
1.058659,2.425849,0.18904243,1.4589896
0.35527486,1.0831751,1.750622,1.8685753
0.13543263,0.68706286,2.46762,1.533971
1.6585218,1.918865,0.12840664,0.97990507
0.8510857,1.155071,2.7387307,0.5142265
0.21666853,1.6352689,1.3879639,1.6366466
0.40330648,1.5782356,2.2027125,0.7108293
1.9975241,0.68286294,0.46918598,1.7698456
2.3658807,0.13084686,0.9459756,1.5377443
0.04942099,0.47717792,2.171825,2.445525
2.4052727,-0.15020064,1.9797641,0.6659268
2.151784,1.7291315,0.11107855,1.1513369
0.7648717,0.15271829,2.7548168,1.170234
0.43236476,1.0526706,1.6592743,1.7094733
1.2787234,2.2517784,0.12221416,1.1937836
0.49905187,2.5615425,1.1563404,0.74219406
0.8223378,1.0353801,1.5488085,1.8057898
2.5973604,0.20779072,0.2634915,1.7953547
0.8017335,1.1371155,2.1032846,0.79500747
1.3256937,2.0425017,1.241709,0.15581216
1.9512284,0.8722366,1.228904,1.0009688
0.85288423,2.0438294,0.6659656,1.5961692
1.2909734,1.4104767,1.8200506,0.49866962
1.5971383,1.0489842,2.3946083,0.16835135
1.2920425,2.032944,1.3281229,0.5740735
1.5124751,1.6540669,1.1524303,0.6659842
0.87935287,0.6691366,2.235127,1.0127174
1.4141164,2.4117196,0.04589945,1.102538
-0.098500855,0.80416286,1.4891958,2.6980977
1.0182416,2.0481548,1.4465095,0.43966535
1.6482685,1.688904,0.3239386,0.9766409
0.8412485,2.432032,0.2510849,1.2748554
1.0925236,0.93672436,-0.0012793206,2.655983
0.4980868,1.6374745,2.1989415,0.77444506
2.8907635,0.74956477,1.1406349,0.20026156
2.0936062,0.3947006,1.1727744,1.4223396
2.6490314,0.95861715,0.8263592,0.21931027
1.695558,1.2417263,0.9943402,1.017615
1.7663343,2.1010704,0.7613885,0.40328804
2.2425966,1.3473098,0.7055193,0.55550444
1.7584273,1.9073004,0.18264997,1.072629
2.1585705,1.0719051,0.09879425,1.5407708
1.5724366,1.422883,1.250334,0.51371527
0.712128,1.3686095,0.059266653,2.9853024
1.9128014,0.3613983,1.9492396,0.7582584
1.3432045,0.84357613,2.1540632,0.93298453
0.5291966,1.3494722,3.0091553,0.32944736
0.69818705,2.1072943,1.8651922,0.38186458
2.457389,0.5512962,0.7596361,1.3641613
0.4839445,1.8807462,0.47911203,2.1983604
1.835823,1.2411381,0.7642599,1.0947368
1.4148041,0.104085945,2.7953327,0.50170654
0.5097366,0.8917292,0.5018932,3.0200493
2.1295967,1.7981693,0.5693825,0.7163311
1.7916704,1.7066865,1.3903149,0.13273534
1.2421718,0.16289644,2.9058762,0.61247104
1.7021964,1.2594447,1.9506981,0.08412249
2.0246766,0.36349982,2.0961957,0.5055093
1.1748638,1.7409754,1.733884,0.06825968
0.66132325,1.268516,2.5840402,0.6806907
2.1816316,1.5647895,1.6691513,0.013311986
0.48789212,1.820396,1.9506438,0.7333696
0.632494,2.3366234,0.3157121,1.5569712
0.78267884,0.8926669,2.6221068,0.5045835
0.9702848,1.0883106,2.1747699,0.83932036
2.1337109,0.0012248254,3.1685407,-0.06655123
2.1983228,-0.15293983,2.8979852,0.047288485
0.60926604,0.8374631,1.9142729,1.7230082
1.6690557,1.509004,1.63653,0.36704275
1.0495496,0.5865534,0.5494975,2.648711
0.32746863,2.3595328,1.3556049,0.88125235
0.3052097,0.95233065,1.8755085,1.9098529
1.1885204,2.1158652,0.84124106,0.46384114
0.9048055,2.369687,0.2597074,1.5499749
0.5787909,1.4249228,1.1590902,1.90665
1.8028219,0.45043346,2.9439163,-0.225013
2.3604405,0.9605589,0.96856034,0.72643304
2.478452,1.298271,1.0609314,0.3125949
2.4576488,0.114908256,1.9851453,0.7494107
1.2179935,2.1120508,0.051126596,1.378256
0.7812792,0.7163857,0.8416234,2.624655
0.85426664,2.40114,0.6580981,1.0294421
2.158421,1.3710148,1.503466,0.19494505
1.2265909,2.1358523,0.23588535,1.0325048
2.4984293,0.43076608,1.622121,0.48656294
0.6595357,2.3385296,1.6551262,0.25172177
0.318538,1.175716,0.55822176,2.7134566
0.96113974,2.4948707,1.4555367,0.1803966
0.7827661,2.4858315,0.8513849,1.0884157
2.6462114,0.03271301,1.5512879,0.76103777
0.84796685,2.3429627,0.8091926,1.2866194
0.56832725,1.7732921,1.6804055,1.0110017
0.74990135,2.652744,1.1809297,0.3954279
1.0292871,2.4189854,1.2373953,0.2733028
2.236914,0.38860765,0.77313375,1.2743808
2.9053667,0.658088,0.87552035,0.8189654
0.4699238,2.0800755,0.17039075,2.395124
0.9589089,2.2668176,0.21024805,1.4003011
-0.18632416,0.91704094,2.3354113,1.8589853
1.1431727,2.357177,1.2307456,0.09464409
1.3297534,1.7963223,1.078651,0.86889565
1.3382665,1.131161,2.0749881,0.45408902
1.4294436,1.8406885,0.1137541,1.6354808
0.31665626,0.120305926,3.345189,1.134889
0.6417737,2.565364,0.21842903,1.7195369
0.43314797,2.4350128,1.5077521,0.2979138
0.47742128,0.80378973,1.7963974,1.8260605
1.5843372,1.6237814,1.578724,0.16148926
0.14042863,2.7875633,1.589208,0.65112805
0.32266316,0.6497949,1.4967302,2.969912
1.7991971,1.5117261,0.6828528,1.1056528
1.7116643,0.69947565,2.0669496,0.17761648
2.1208222,1.3504035,1.4015993,0.058801793
2.0065477,0.9048506,-0.0752107,2.3482714
0.5982761,2.3244283,1.8280205,0.3021969
1.3631186,1.0278814,2.5840387,0.055721417
1.0640851,1.0053073,2.7936552,0.012333866
1.4320325,-0.10741943,0.009813552,3.6882317
1.6338149,1.2071888,1.1815534,0.6440462
1.3082272,1.614722,1.3747675,0.7156658
1.2309251,0.89150846,0.03505455,2.6965249
2.0880475,0.5122171,0.20888251,2.2581367
1.8738903,0.9301521,1.205797,0.6230629
1.9101238,1.3669372,1.5524906,0.35772806
0.50907165,2.571906,1.3969152,0.5619573
1.8060031,-0.07981373,2.4425328,0.7085941
0.7408037,1.1704904,1.8308233,1.2947338
0.8361638,1.9137176,1.6927216,0.4079947
1.1388156,1.136276,1.6227366,1.0661073
2.1290972,0.7694044,0.17356211,2.1409009
1.3828812,2.050649,0.20063382,1.3198556
0.61356825,2.7191074,1.5757116,0.26082304
1.3065611,0.6753216,0.5632498,2.4336586
0.6386125,2.193583,1.5421339,0.39824608
0.23165533,2.4305034,1.2820052,1.0896939
1.1291085,1.9420782,1.476902,0.39346516
0.74770415,1.4665291,2.57331,0.411379
0.3776157,0.63627553,2.3644514,1.8870385
0.8632291,2.3013072,0.77990943,0.9613205
2.153266,1.0396243,1.153901,0.4283278
0.58408415,2.4231083,1.4977895,0.23762389
1.4615073,1.8200254,0.7496061,0.88297904
0.9320309,0.88819486,2.5630796,0.82149875
0.5504208,2.0953767,0.70726204,1.7179348
1.746438,-0.31233025,2.2201111,1.3758827
1.0657356,1.0884126,1.8920519,0.7176063
0.8038814,2.1381898,0.14974597,1.8658102
1.8239793,1.0544155,0.26083618,1.6840045
0.7355144,2.4651215,0.63389534,1.0726751
1.1431623,2.0561106,1.5086775,0.15391281
0.9549365,2.3775008,0.078974865,1.3795451
0.022163773,1.7974277,0.3275323,2.951977
1.7170203,1.1180649,1.8594126,0.33869937
0.6653157,1.5997851,2.326326,0.51688033
1.2636253,1.3309823,0.23923041,2.4311423
2.2952003,1.5493776,0.96731126,0.31732535
1.4443067,1.2482481,0.0067515126,2.0327122
0.34224978,0.26807627,0.84087485,3.389737
2.3961737,1.0861319,0.6803786,0.83168703
0.66335654,2.5192184,1.1228186,0.62879395
0.7409714,0.90743214,2.9185944,0.29441202
1.9096289,1.7136438,0.12585074,1.2053547
0.95047766,0.30390215,3.5290353,0.21491559
1.8131676,1.8233325,1.0286615,0.5113417
0.47386137,2.0070586,0.28092226,1.9417187
1.1049198,2.6421313,1.3027054,0.03700546
2.1359658,0.3610715,2.2811124,0.4612207
2.0157452,0.1255748,0.18498813,2.7304041
0.59544027,2.309308,0.56635356,1.5165066
0.98462003,2.2155623,0.34714434,1.4211408
2.2141821,1.0305265,1.0144199,0.8933866
0.4838553,1.1057099,1.0549861,2.3601959
1.9287353,1.5220882,1.2770207,0.44452694
2.4310753,1.4530135,0.85255647,0.14086293
0.19211857,0.044473805,2.5320601,1.9951115
0.49400648,0.7964741,3.369442,0.28590733
0.41066372,2.1225457,2.2015305,0.29503074
1.2915374,2.051087,1.1578181,0.49318057
1.0698962,2.2301548,0.10993435,1.5025281
0.89996034,1.0217723,0.298416,2.9472713
1.1033907,2.4141216,0.056567825,1.2318751
0.28910807,1.3000069,0.92257965,2.6694515
0.53189665,1.8176641,0.09579243,2.4978793
0.46108714,1.8537749,1.9543712,0.8250324
1.4743966,0.6643156,2.421374,0.13854358
1.5883932,1.7700444,1.0392331,0.7914675
0.16907948,2.541961,1.3533013,0.87988347
1.8385289,1.7374414,0.30684853,0.9197972
0.84320563,2.3233702,0.18156698,1.6663116
1.4941502,1.4383066,1.7309453,0.2262468
1.9755719,0.5171957,0.9039677,1.7770476
0.26244837,1.0162388,1.1380548,2.595523
1.3410312,0.047190513,1.2313141,2.4209554
2.5557952,1.3593408,0.515911,0.62251955
0.3928636,1.7456852,1.8860165,0.7554225
1.1716452,2.1414027,0.72693425,1.1194687
1.0427787,2.1990545,0.9481494,0.8651402
0.7666345,2.5419545,1.1297771,0.70579505
-0.24950673,0.35504237,2.6061535,1.9676201
-0.16978358,1.043615,1.4121217,2.6498625
1.8580492,0.8008204,1.318181,0.85491115
1.8327868,0.06327021,2.223582,0.9244878
0.19038916,2.4863312,0.98893666,1.327422
0.14792928,1.8015054,0.53700906,2.4893785
1.2674528,0.6509345,1.2790674,2.0608234
1.3623238,2.1345546,1.1298403,0.40008917
1.5073125,1.5720999,1.8379331,0.27551714
0.7435522,1.9289474,1.4596277,0.7498436
0.17411272,1.5667316,2.7571652,0.3863464
1.1622276,1.9229428,1.4080933,0.3073431
0.35004878,1.5141258,1.921078,1.0624837
1.3434008,0.2736947,0.5355889,2.8104787
1.746572,0.53380775,2.2560914,0.64160067
1.5523978,0.28949267,1.823386,1.2827163
0.7452993,1.6185731,0.816097,1.7116529
0.89266473,1.7292188,1.7865067,0.43351457
2.1515803,1.1089158,1.4688907,0.19420657
1.0443511,1.0368421,1.9705037,0.9891116
0.26841977,1.5267901,0.1751777,3.210025
1.7608635,0.07502767,2.1215057,1.3555431
0.62111133,2.2763429,0.9812188,0.99618775
2.188046,0.51555955,0.6854602,1.5317938
1.2458698,2.5265687,-0.017700162,1.281235
1.3760967,0.5819131,1.9354031,0.7855114
0.40630588,0.5535083,1.2017076,2.5690145
1.4049444,2.083529,0.84403425,0.8607344
1.643822,0.1746543,3.0345073,0.27248564
2.3338385,1.4911611,1.1579143,-0.065791905
0.8985177,1.066384,1.4552474,1.4856564
1.2262981,1.0110525,0.7243204,2.1126356
0.53944415,0.36885718,3.1025088,0.9521267
2.1759481,1.0579231,1.2982638,0.26178774
1.2602329,2.4302864,1.1426344,0.4285608
0.39260703,2.6709988,1.2332991,0.6317126
1.5786142,1.6816815,1.7462825,0.15425275
0.7609931,2.3375475,0.18580419,1.8202868
2.0138595,2.0336232,0.55959684,0.30025402
1.1345645,1.8442274,1.8123384,0.43319356
2.5175374,-0.10411483,0.19637999,2.2989264
1.7342948,1.8251143,1.5252962,-0.06248096
1.5422614,1.5362674,1.3136306,0.5314013
2.1634529,0.9950274,0.8162558,1.0943011
1.3908639,1.0615381,2.4849672,-0.13811561
0.33761042,0.50676864,2.462968,1.4037005
2.5966604,1.0179461,1.072371,0.32670915
0.25287926,2.6161714,1.6406052,0.429327
2.1463842,1.8475752,0.46514216,0.5444746
0.7184474,0.16679056,0.604848,3.7946713
2.2017994,0.50156975,0.9650944,1.2953382
2.207842,0.5138286,1.2217124,1.1414297
1.7211049,-0.07589926,0.22694983,2.990989
2.1928837,1.7333761,0.60233504,0.8295714
0.9484629,2.02826,0.47723478,1.3524306
0.8640099,1.5114473,0.022428066,2.419886
2.430357,1.3394258,0.8006421,0.5214789
1.6826531,0.5955446,1.3975376,1.2084125
0.7392629,2.2130473,0.86684906,1.2438505
1.863858,0.4683304,0.560877,2.2065592
0.99285704,2.296032,0.6446816,0.96846694
1.5269009,1.7003062,0.76445925,1.1234524
0.26472035,1.2592037,2.0767925,1.2792536
1.911655,2.0153675,0.050177153,1.1150563
1.9427445,0.8342215,1.898353,0.47858208
0.92426103,2.0510662,0.8114179,1.265183
0.8706387,0.62105364,2.8146088,0.86852473
0.2499784,0.26155078,2.4330723,1.9578955
1.1719569,2.3136003,0.16466217,1.4332274
2.3872743,1.7163963,0.8171483,0.07195258
0.5731105,2.567844,1.3293931,0.59443015
0.83866584,1.2105981,2.5557761,0.49943313
1.884918,0.7538569,1.2961832,1.193102
-0.053390354,0.5835738,1.7034189,2.6955805
2.3292563,0.053928338,0.24521692,2.2959518
1.2419817,0.791495,2.871982,0.24493887
0.9361604,0.74100834,1.2110872,2.0290537
2.1535053,0.32895386,1.2404311,1.4321467
1.1661277,1.9914434,0.47372073,1.3552076
2.1489933,2.1457367,0.83404887,0.16478656
1.4617392,0.7678233,1.2367872,1.6095247
2.0045424,1.2714698,1.6415465,0.14179866
1.524429,1.6794971,1.3058649,0.35084873
0.5059923,1.8269423,0.24987116,2.3979867
2.011231,-0.037743315,0.31547374,2.727565
2.2157383,1.004002,1.0994662,0.39462346
1.952757,1.109791,0.8285029,1.1327251
2.0424628,0.78761953,0.4587308,1.6855725
1.5216298,0.5833363,2.8102114,0.2616491
2.1748078,1.5129999,0.93324876,0.55323076
0.85764015,1.4364682,2.281228,0.23762073
0.45577562,2.30089,0.5439594,1.7246726
-0.07444008,-0.11396505,1.8543471,3.3962471
1.0123622,1.6825703,1.4446548,0.6558039
2.6643813,1.3521677,0.8711548,-0.04553577
1.6298907,0.87886745,2.4229708,0.20248851
1.1340863,1.3361254,2.055003,0.49414304
1.8175857,0.07885329,3.276547,0.11803214
1.8585068,2.0110173,0.8062482,0.4845813
1.3458863,1.9625242,0.18997209,1.6634728
0.9103988,1.0224459,0.3277879,2.6659386
1.3613939,1.9429457,1.8488848,0.14542031
0.53829336,0.974877,3.451713,0.29533175
1.6108189,0.25226486,0.71703726,2.075961
1.5517598,0.3565465,2.0044081,1.2111329
1.8574216,0.9641673,1.1818488,0.7965838
1.064899,1.453772,1.2637993,1.4762573
2.455004,1.1817644,1.019862,0.33005735
1.212822,2.0091488,1.6873024,0.18989901
1.6600125,0.8362984,1.1920491,1.2365798
2.0454268,0.7673189,0.8351517,1.2080712
1.0599204,2.0423799,0.29560825,1.5849004
2.1711583,0.82521594,1.0682248,1.141284
1.0927752,1.5079014,1.7303448,1.039316
0.34004503,1.4950827,1.3313498,1.9188824
1.631596,0.80031264,2.3325937,0.6035729
1.2661004,1.4241556,0.6477482,1.6414932
0.74431664,0.4102065,1.773984,1.749088
1.4327639,2.2990716,0.9443129,0.52413636
1.8583184,1.2299145,0.67990094,1.2350904
2.2546299,0.34789196,0.44236058,2.037682
0.56898606,0.3541436,1.1646175,3.0192888
1.8512194,0.80208343,0.17701803,2.0600178
0.87976897,1.3328708,0.8882168,2.0315902
1.6661681,1.3933676,0.93173546,0.8565707
1.479184,2.0972328,0.13680582,1.3610363
1.7563436,0.48974478,2.786251,0.29525104
0.46284434,1.8411604,1.946187,0.6861885
0.54891616,1.1929909,0.7676372,2.4757476
2.04062,0.93508905,1.1188748,0.7481642
0.06614003,0.13197713,2.0929396,2.5770588
0.92711395,2.0720966,0.6135498,1.0670333
0.54073906,0.44720525,2.960663,1.1945544
1.6557721,0.8275803,1.5020905,1.1367934
1.899803,1.0798168,1.5228615,0.69540673
0.038333796,1.891432,1.8320476,1.1654087
0.64369,0.27775753,0.5793136,3.2848866
2.1391668,1.8282117,0.1101434,0.73660594
2.3826265,0.34846827,1.9536383,0.421159
2.0287545,1.7471956,0.5006077,0.6491831
1.2243125,1.2166958,1.8868672,0.8087737
1.4647968,1.6994343,1.632604,0.05002821
2.2957428,1.2036812,0.4753659,0.7551891
1.5382965,0.46830642,0.49890447,2.4312317
0.5273898,0.6395886,2.7964497,1.0022908
1.945547,0.21011412,3.0592,0.06890065
1.1948491,0.6391512,1.0277538,1.9889569
1.5688545,1.8797076,0.84938794,0.33702058
1.9627974,1.188645,0.47429952,1.1918077
0.55596995,1.2592318,2.3610716,0.9921579
0.19017348,2.1622689,0.23019138,2.5103173
1.5143787,0.92580116,1.6589024,0.74142104
1.9333594,0.95376134,2.0849562,0.16414274
0.1986369,0.7927764,2.6558323,1.5872319
1.6655277,1.514794,0.4252282,1.2277832
0.89482677,1.5009632,0.81478196,1.7346933
0.2704727,0.9417377,3.2004974,0.54385597
0.6776583,0.563104,0.47280702,3.3903325
1.4279962,2.2524698,0.68313694,0.6931758
0.4014406,1.2063241,2.6174452,0.6532648
0.18331389,2.9470823,1.8031553,0.18784477
1.1187768,0.9247582,2.508136,0.56755984
1.2994789,0.8375285,2.9304266,-0.1277543
1.4262081,0.8769884,1.2152436,1.2944908
1.2491353,1.7158905,1.7818128,0.46254823
0.83348054,0.8695175,2.5034282,0.62999177
1.8164725,1.1053559,0.5871824,1.3760738
1.4261222,1.502068,1.7229831,-0.0064872405
0.45341903,2.4730644,1.4809754,0.500785
1.3257772,1.6088475,1.5772965,0.23875082
2.2449415,-0.1757911,2.134841,0.9853131
1.0996319,1.3160269,1.5111382,1.3094478
0.70738024,1.1190237,1.9568894,1.39969
1.79368,0.28540924,2.9019864,0.14065465
-0.06797821,0.73435754,1.9208999,2.3791454
0.17431678,0.32932436,2.6371958,1.539943
2.2458794,0.32541853,0.5450718,1.5241896
2.0915353,1.6181281,0.06635466,1.0100375
0.58139056,1.4290663,0.8221163,2.1645386
2.091249,-0.1877184,2.1709778,0.675783
2.0680287,-0.053264696,1.9943705,0.98150545
2.225719,1.5483055,1.1024089,0.32853115
1.2799941,0.3299728,3.3229284,0.1955867
0.047601018,0.75546855,2.041678,2.254894
0.7956097,0.91674507,0.44770283,2.7317293
1.4909048,0.09806605,2.020995,1.3225557
0.66893685,1.4773407,2.0450783,1.0579478
1.406489,1.3791527,0.747109,1.6275146
1.0123323,1.1504838,2.244606,0.55379146
1.849806,0.26342642,1.728785,1.0572438
2.4040334,-0.030203454,2.450835,0.583693
1.9081303,1.9317553,0.5695718,0.28807867
0.36820862,0.63085026,2.2514307,1.7484975
2.3553352,1.5608264,0.1191096,0.86023283
2.3313878,0.98196715,1.0081236,0.64092964
1.318332,0.25288513,3.0180047,0.44436288
0.88874614,1.0638058,1.8761572,1.0976157
0.70998365,0.832982,3.4789343,0.044442356
0.70529586,1.8927947,0.049538344,2.2618356
1.0662519,0.11662074,1.8314928,1.6620293
0.95353454,0.65007234,2.6632679,0.8405759
0.35855183,0.39422444,3.0926764,0.8738942
1.1588962,2.1471536,0.06846101,1.770981
0.2859285,2.7279584,0.98119676,1.0686812
1.556054,1.6681495,1.4899938,0.0802576
1.8278786,-7.134443e-05,2.7050421,0.4994902
2.0899994,1.5441177,0.8371167,0.6476535
0.5294851,0.38821316,1.3869202,2.5960732
1.182249,2.2264497,0.43334356,1.0907562
2.266956,1.9050899,0.11211392,0.6731798
1.5453497,2.074822,0.31502444,0.87189585
1.2864906,0.2517524,3.4845686,0.12772545
0.39670357,1.382246,2.3353808,0.9772301
1.87281,1.0501459,0.74066395,1.1573092
1.4005022,2.3541555,-0.03446056,1.0037977
1.1307724,2.0788193,1.4140185,0.588638
1.7135502,1.7924569,1.6579765,0.055880073
1.951459,1.6873537,0.57264847,0.77018666
2.2905483,0.18630527,0.18541071,2.7017148
2.5394394,1.48735,0.8299805,0.20176865
0.45770004,2.5796883,1.6474977,0.3313866
2.0407345,0.95921165,1.2834562,0.7652538
1.2393519,2.5032003,-0.00994492,1.0390611
2.4676833,1.0334358,1.3888692,0.07713738
1.6491028,2.2030895,0.5596639,0.5280304
0.21705496,1.9091799,0.80296034,1.9635586
1.0579885,2.2902095,0.05415443,1.550434
0.82988995,2.2172585,1.5472649,0.557845
0.85769737,0.7166189,0.6186267,2.7426164
0.12842326,1.4147829,1.2519343,2.0945485
1.6246316,0.29216892,0.7947589,2.2927532
1.6590431,1.9350051,0.9265033,0.28089908
0.39421913,2.6800404,1.072088,0.60589284
1.5380981,0.7221514,1.2299799,1.5846663
0.06627609,0.3520108,2.26911,2.4265983
0.3327487,1.2880151,1.28028,1.8509731
1.2469027,1.8892215,1.0300912,1.0081285
1.4362432,1.8075356,0.620985,1.2577976
0.87366384,1.824755,0.9043597,1.6349316
0.87461674,1.0264994,1.067847,1.7534668
1.616024,0.69229573,2.3735585,0.11015331
0.6857928,2.3726509,1.5508506,0.29255015
1.267477,0.10858992,2.8205938,1.0565333
0.6626258,2.4028378,1.0832024,0.5613205
1.389439,0.59271157,2.59578,0.2740539
2.3207328,0.87221277,0.07473256,1.5427783
2.8339517,0.39974847,0.87506896,1.0780518
0.8500387,2.2224133,1.4155276,0.55580103
1.1539769,2.4261029,0.1977233,1.5220826
1.1848625,1.6072121,0.79605305,1.5118572
1.0623102,0.7144304,0.2929251,2.9050188
0.70389193,-0.019804811,1.0682622,3.1773458
2.3432367,0.19330454,1.6564046,0.7228257
0.8315606,1.9234921,0.610111,1.6959064
0.73893505,0.7354234,2.896833,0.3292304
1.2366489,2.1056197,1.2729068,0.5180057
1.9401122,0.2553062,0.54678184,2.2426066
0.3987974,1.6048627,0.36184558,2.5453017
0.29344818,0.6901923,2.7764325,1.5333272
0.6450479,0.19116835,0.70411175,3.3188279
0.36624667,1.4036912,2.9354153,0.29232988
0.8820446,2.3232174,0.7291416,1.3756018
0.450995,1.2582283,0.4914953,2.7142088
0.7276818,1.8337123,1.58598,0.989967
0.100326,1.445625,1.5034109,2.0163608
1.9462081,2.0156674,0.5537209,0.51285964
1.6277416,0.9413498,0.89354366,1.5248322
1.3731346,1.0764997,2.398909,0.17419286
1.1468464,1.5140227,2.11024,0.10971942
0.63631684,2.6252549,1.656524,0.346266
2.317829,0.5760442,1.020759,1.2069019
0.97642785,1.3130955,1.844273,0.57347214
0.11362271,0.52707195,2.6371834,1.5682771
0.5692263,2.5208576,1.2629672,0.7102274
0.5387745,0.63579494,3.4705405,0.2861291
1.731871,1.2828699,1.0534128,0.785185
1.3604044,1.4584945,2.077176,0.24332084
0.4828922,1.2882013,0.5471484,2.6767366
0.71394485,2.2814586,0.58340746,1.4456149
1.1802686,2.3477812,0.011840374,1.2848234
1.7494287,0.12659799,2.9150977,0.00862787
1.327947,0.19941859,1.1213424,2.0597386
1.4562525,1.3610153,1.7346647,0.56164634
0.6453284,0.892704,2.9133308,0.7780206
2.3308287,-0.02761086,0.16217683,2.5261722
1.7947761,0.5361177,2.5641756,0.17127395
1.8811345,0.76244485,2.0303156,0.50414234
0.8678845,1.2080328,0.4515251,2.4763205
1.1870556,1.1247137,2.4899144,0.12588505
0.73910385,0.83817524,3.242429,0.386233
2.443666,0.8418784,1.5638423,0.00043819612
2.7724268,0.2578044,1.2132938,0.80626273
0.45067585,0.35049367,0.6440627,3.4452398
1.8794898,0.20936182,2.6298776,0.44724104
2.2729766,1.1189722,1.5646919,0.1453783
2.0943484,0.24401541,1.2726412,1.4421923
0.98029226,1.8416423,0.15413386,1.9786284
0.27077815,2.1838074,0.6154764,1.748743
2.2040973,1.3616903,0.88125044,0.67856884
0.2256586,1.5622942,0.21265121,2.9727097
0.9999658,0.8924581,0.4803958,2.5922496
1.675846,0.9529891,2.4160604,-0.058588725
1.3960531,2.0223348,1.1194957,0.6352254
0.75575244,2.7519274,1.2104505,0.5137881
0.8502374,1.8354899,1.9210875,0.47436324
0.40124148,1.5376126,2.3313518,0.6564355
1.3673469,2.035679,0.4723513,0.92095727
0.7651824,1.8268583,1.0652772,1.1246995
0.5027278,2.5338273,1.3635495,0.7417142
0.5764778,2.547126,0.24892841,1.5846702
1.151297,1.7339625,0.4346972,1.7778581
1.8663883,0.21930173,0.31718153,2.549357
1.9165586,2.1035187,0.9237233,0.04180088
0.90040207,2.0576339,1.2493228,0.6110463
2.2966118,0.027698183,1.6768137,1.029355
0.6108605,1.8548287,1.5917568,0.73006475
1.7121063,1.3495405,2.075194,0.10261014
1.6470654,0.39768118,1.8408487,1.2944003
0.117845275,0.21031108,2.9089227,1.8962487
1.3379593,1.5323166,0.15288472,2.3076754
0.25202608,1.6083261,0.46897885,2.4565156
1.6493161,1.7660714,0.623685,0.93518054
1.8375838,0.15995936,2.7987506,0.38300228
0.94650495,1.5340437,1.6241395,0.8819975
0.19305708,0.6391684,2.4916122,2.0067523
2.397474,1.5786394,0.74774396,0.5392612
2.3283377,0.32574674,1.3701261,1.0318564
2.1683116,0.2548187,2.6748178,-0.16260554
0.294488,1.7628092,2.3725722,0.41062063
0.60085386,0.19378467,3.1495798,1.2562506
1.3592138,0.88247335,2.5161374,0.20525001
0.8686931,0.96650475,2.476264,0.70980275
0.29100707,0.7924909,0.96542096,2.846732
0.048838113,1.5005482,0.8752011,2.3847961
0.9580837,1.8294301,1.7399677,0.6972741
2.0210476,0.08029338,0.19494724,2.8037248
0.17082177,1.710677,1.2139338,1.790028
1.0830431,0.9820381,1.9921868,0.6612375
2.3472064,0.86823636,1.435822,0.30097774
2.3154755,1.3645658,1.2536154,0.07810438
0.726781,0.14013948,1.5672767,2.4908333
1.354897,1.2071718,0.29487982,2.076542
1.096047,1.5593103,1.9792137,0.2754863
2.069575,0.99532205,1.4991553,0.5390177
1.9650377,1.8570099,0.54263914,0.8359915
1.7834553,1.2965311,1.2745434,0.7706845
0.5063434,2.50395,1.6013356,0.51518184
1.1629927,0.68002343,1.8163707,1.6049702
0.55627453,2.0667148,1.7455953,0.37996817
0.7647512,0.1516088,0.63101023,3.3809395
2.4831715,-0.033852533,1.1998188,1.1601684
2.6591852,0.028631177,1.0597081,1.2544856
1.2327187,1.7580022,1.632955,0.514383
0.49755204,1.2123401,2.3776667,0.84004784
2.487303,1.1736114,0.009726038,1.3375179
1.5689764,2.0016587,0.41532698,1.0316482
1.6410366,0.06538848,1.7141294,1.8736529
1.9066982,0.49589404,0.8975205,1.5556643
2.1728551,0.6562044,1.7667941,0.5330577
0.7831756,0.88984406,2.9006212,0.6544954
0.4652596,2.1066797,1.867563,0.44553283
1.0602769,1.6237447,1.5637155,0.646939
1.5344952,-0.0037252272,1.8369495,1.5288503
1.2105775,1.0882405,2.4138331,0.1418668
1.0585451,0.17949307,1.0974984,2.5311954
1.7082325,1.2800161,1.9657243,0.21731186
1.48996,1.619289,1.5713819,0.37899375
0.94820994,1.2247735,0.036395743,2.6733758
2.384207,1.1988853,0.71111596,0.50550956
1.2556186,1.1138017,1.2337508,1.1601598
0.40506294,2.240486,2.0884235,0.4171919
1.5351788,0.47899362,1.8177727,1.2778105
0.67406017,1.9168161,1.3182179,0.9324812
2.158854,1.8599688,-0.17566898,1.1543962
0.4725264,1.0151005,2.4955785,0.7607293
0.6260478,0.5154856,2.5861418,1.0041305
2.330897,1.5889784,1.1257668,0.13194795
1.36568,0.5119472,0.20414202,2.8066766
1.3085544,0.34119081,3.428271,0.11173617
2.279922,1.3539414,1.0325502,0.28598642
0.02806748,1.6717722,1.1056526,2.0585108
0.26681727,0.929414,1.9839545,1.7470077
2.015937,0.6068746,2.2576268,0.23105241
2.0821586,1.2412592,0.5921367,1.1849298
0.8253093,1.649682,0.11060085,2.5014598
1.7933387,0.7310745,2.4240665,0.12751286
2.1894474,1.5504242,0.5992741,0.64755213
1.6377347,0.41034865,1.5816985,1.3227402
2.1774597,0.13078232,1.8132821,0.64137334
0.99691796,1.0279543,2.064653,0.95486677
1.8094059,0.566813,0.8811888,1.7107903
1.5376825,1.7726187,0.3674569,1.2465217
1.388947,0.8321502,0.67468256,2.1097102
2.7521222,1.1102284,0.9489628,-0.027535211
0.5015685,2.1533217,1.7684183,0.59969306
-0.058653984,0.11746723,3.3450334,1.4965161
1.6718643,1.7076778,0.30028802,1.311868
0.6747178,1.7070211,0.24244563,2.4550965
1.2359674,0.8422858,2.7065513,0.18033628
1.8460685,0.9696102,0.99129456,0.97585964
0.39332038,2.4957402,1.501573,0.710755
1.6236002,0.9659791,1.7029872,0.5993186
0.33413085,0.38233843,1.5014042,2.9481542
1.3301454,2.2749743,0.8385373,0.47931132
1.7712728,0.004665617,1.9247738,1.5122448
0.5747027,0.9364208,1.8872684,1.5427754
1.9842784,0.03060352,2.6108794,0.5305368
1.6081578,0.53004646,2.843542,0.11639916
0.24004178,1.6174344,0.21399944,2.9003184
1.1885844,1.8762268,2.0571592,-0.22895294
0.28094074,1.6481699,1.4415926,1.6680595
2.3038146,0.51063496,1.9034806,0.5643816
0.7065391,1.3366828,2.6328378,0.24403083
1.6682953,1.4909111,1.0545719,0.680912
1.6894854,1.4311069,0.4909925,1.1860875
-0.04432154,1.0681397,0.57358783,3.0471416
1.5186151,1.5385565,1.1780262,0.4258335
2.0627203,1.2802563,0.21814927,1.4812405
0.41868228,0.5416717,2.7668467,1.2183269
0.23658428,0.2955998,3.1826096,1.3386874
2.325832,0.25317255,0.544296,1.9224105
2.8215759,0.119094595,1.5221709,0.84626037
0.88089025,1.8935255,-0.024256147,2.0204265
0.48678085,1.7537763,0.26259455,2.2319024
2.4885972,0.15501137,1.1435759,1.1999155
1.0407085,1.8508425,1.2906477,0.829372
1.1463648,2.00854,0.19018964,1.3913826
1.426808,1.6606578,1.0466375,1.0318288
2.127029,0.24775182,1.5136832,1.0456146
2.2944882,0.05691563,0.5003418,2.283752
1.935527,0.86293465,0.9766457,1.1770232
1.4250767,0.2755053,1.3163772,2.2768252
0.7077638,2.1612165,1.550011,0.30141935
1.734188,0.9954149,1.7293183,0.46223605
1.8424256,1.7831933,0.9617466,0.08682812
2.6298819,0.04239245,1.6700594,0.8753228
1.5715799,1.4182856,0.11041526,2.0130029
1.2070318,2.0055785,1.4848747,0.0002004141
1.2923912,0.083958596,2.5445054,1.1707793
2.0848136,1.563912,0.9029554,0.54413307
2.417273,0.13480926,1.3325132,1.2365346
1.6583197,1.0933604,2.0598903,0.06728548
1.9870836,1.9311502,0.4535877,0.6889646
0.2918366,0.5514688,1.2892857,2.7637308
0.44169438,1.6536628,0.021190599,2.9848487
1.9801979,0.45113346,0.32992607,2.1218772
1.0826768,0.7355138,2.7721744,0.30811644
1.5299418,0.48828474,2.2221324,1.0253367
0.40765983,0.33816105,1.8897945,2.4762678
1.0806091,0.5843122,0.88902825,2.205807
1.3276116,2.2271152,0.45038235,1.2597663
1.5982046,0.8558695,0.25849715,2.2617667
1.5203037,0.788295,2.358786,0.045880012
0.60575587,0.9985519,1.7648753,2.0378523
2.3957322,0.29700258,0.93746716,1.2674861
2.6052775,0.9605998,0.7739931,0.83908856
0.2206633,1.4861871,1.359565,1.9568383
1.5191114,0.6798946,0.4857643,2.360686
0.40717065,2.3705294,1.2786157,1.1153256
2.034515,-0.027823914,2.845078,0.13018008
0.7683489,2.0085218,1.6637379,0.8784086
1.8749431,0.38367623,1.3776441,1.2879474
0.31581256,0.5187983,3.0713093,1.3610485
2.5290644,0.95867264,1.3942811,0.2413775
0.48765475,0.76730585,3.595144,0.1279188
1.7186123,0.9449656,1.4581611,1.0757997
0.826114,2.3219807,1.0902431,0.6709871
1.5438237,1.7900058,1.8291401,-0.08125901
1.3327663,1.5228662,0.35401002,1.8688307
1.1624666,0.13812038,2.7530894,1.1173624
1.1493834,1.314198,0.65381765,1.8484324
0.06124355,1.7933635,0.33808872,2.8759744
2.1019132,1.468495,1.1822648,0.09818108
0.76716,1.7064742,1.8845266,0.50536984
2.2630897,0.26556933,1.0510644,1.4635494
2.3644261,-0.03161548,2.5204,0.09771222
0.30305502,2.562965,0.7349712,1.3331426
1.6359689,0.93923783,1.324455,1.1443293
2.4318457,1.0755094,1.2456923,0.3257151
0.9159846,0.6563696,3.127526,0.16337654
0.38675073,2.5204072,0.928687,1.2530708
0.58451295,0.5580506,1.9797629,1.9354702
2.4617205,1.1440839,1.3096193,0.17174947
2.2751634,1.2816708,0.18164222,1.1992682
0.54946375,2.126141,1.6915886,0.6959232
0.7227776,2.5631938,0.8897385,1.0167059
0.48555735,2.490511,1.3753406,0.47065932
1.680058,0.80824685,0.11688003,2.300581
1.6543452,1.3151757,1.6351128,0.48463804
1.7613856,2.0584552,0.12749252,0.81304234
0.70285153,2.2883549,1.0057752,0.89859164
1.9894192,1.2545332,1.338231,0.4657908
0.23755516,0.7450831,0.09210084,3.9335086
1.8442711,1.080479,0.5033717,1.4894887
0.113893,1.0419143,1.67544,1.9679265
2.548763,0.7869492,1.0694319,0.45720223
1.6610593,1.6010526,0.46212623,1.1656328
1.9068848,0.86144257,1.2813388,0.83556324
0.049276225,2.6951263,1.4071347,0.6492929
2.355507,1.3986511,1.3003945,-0.014922752
1.775369,1.8773433,0.10847837,1.0504725
-0.013982713,1.733092,1.3186035,1.9291917
0.7035798,1.9549376,1.3849634,0.9926739
2.4809275,0.093973994,0.24054764,2.290134
0.7593915,2.5285578,1.8208622,-0.015457777
2.0027175,0.9587037,2.1897812,-0.061112758
1.5508041,1.5683697,2.2961884,-0.023771646
1.560425,1.4717194,0.6741305,1.2825762
0.21836269,1.1237781,0.29738626,3.3878498
-0.035790995,0.86253476,2.4160566,1.7742375
1.2639027,1.9676998,0.17817129,1.6013564
0.8523425,0.9807009,2.733983,0.48143235
1.6403145,1.362911,1.752646,0.50062644
2.5395176,0.5162749,0.5908548,1.3195267
0.8612163,1.8633505,0.3505541,1.9139278
0.37487108,1.708967,0.911097,1.9009746
1.6630675,1.0781803,2.0968373,0.05885499
1.2679627,0.17433548,1.6144545,1.7778289
0.47591102,2.6270666,1.5414158,0.02144034
0.31594795,1.7561296,2.11901,0.66640574
0.44122854,0.3212073,2.8355064,1.45924
1.9609486,0.5573063,1.4095831,1.060831
0.8129065,1.6580843,1.2747953,1.2514071
0.7847277,2.3452206,1.463905,0.36753237
1.2267513,0.6354923,2.7753992,0.4291878
0.85325754,1.4238228,0.4583759,2.3171608
0.32491818,1.1747792,1.4698142,1.9220247
1.6164037,0.14509451,2.3153417,1.0653945
2.398468,1.4388083,1.1389915,0.08099325
1.7525556,0.2870193,2.7271688,0.45678705
0.10668955,3.0828676,1.3150489,0.44237816
1.7084179,1.8539779,0.7965223,0.45337498
0.5350819,0.27882645,4.180376,-0.033090476
0.29735932,1.7661332,0.8789214,1.9272875
1.6234843,1.0142652,0.8197382,1.6708738
1.6219478,1.3541952,2.0228882,-0.059761226
2.5509832,0.53930306,0.99101406,0.87687737
1.4305587,0.07435446,2.9665499,0.33175954
1.7443855,1.644048,1.395297,0.20536011
1.3828403,0.5350325,2.935252,0.1352441
2.2501776,1.3986851,1.2458222,0.14238574
-0.057777032,0.5180485,3.6902206,1.2018547
1.125057,2.0459769,1.1789373,0.76826274
1.7303932,0.23482677,0.43038753,2.3628318
0.5482608,1.7016544,0.5031027,2.0024545
2.1188633,1.1244075,1.2114944,0.5562395
0.2047426,2.1575181,1.8857877,0.8040894
1.9754703,0.8838646,0.3838024,1.8755776
1.2274055,1.2551038,0.94487673,1.3127666
0.628299,2.064737,-0.042434417,2.02772
0.9703711,1.4987596,2.6062615,-0.059893098
0.36607435,0.64992964,2.8873973,1.4174633
0.1780309,3.0256665,1.2888421,0.51842743
1.1137676,2.5334861,0.11099175,1.217162
0.7657409,1.8832335,1.0422724,1.091722
1.9940463,1.2241651,1.4069355,0.6188453
0.8224526,0.32097542,0.88080484,3.1253493
1.5081664,0.14222465,0.32711312,3.244346
1.7072585,1.2368344,1.9648376,-0.114457175
1.6491654,0.023204777,3.1117713,-0.11091873
1.5008899,2.4026165,0.33796522,0.81418014
0.48444167,1.5819596,0.50472134,2.2255425
2.3627865,0.2584353,1.7485774,0.394629
1.6773099,0.99779814,1.0868226,1.4078938
1.4511211,2.0599394,0.44366312,0.69414335
1.9017236,0.40108755,2.1711018,0.59427655
0.71552974,1.6085901,1.7807816,0.83228713
-0.08767358,0.75663686,3.1289492,0.83336836
1.3049555,0.42571363,2.379346,0.8527885
0.78508884,1.9169136,0.14306574,1.9089807
0.57461554,2.0271845,1.5027952,0.96904737
0.11131066,2.800277,1.4337938,0.5106156
0.8525846,0.43182683,1.2333012,2.4188845
1.6879696,1.8009567,0.23773162,1.4752674
0.60420793,1.3107196,1.3495443,1.6914775
1.6202757,0.14903533,2.4127948,0.823745
2.0584683,1.0294064,0.98487365,0.81707567
2.172399,1.3530937,0.5377583,1.075128
1.2437897,1.2560731,2.0047305,0.3358244
1.0249892,0.36919466,1.4972603,2.1877382
1.7444236,1.5199544,1.4035687,0.83557206
1.1614959,1.9679177,1.5263325,0.19706623
0.52675885,2.7901533,1.2359201,0.4694087
2.3302293,1.2363487,0.9840625,0.5146428
1.1781831,0.56850076,3.3987854,-0.02904033
0.97994995,2.3878949,0.85106015,0.5879628
2.295256,0.2121656,1.8334566,0.6666753
1.500295,1.2633605,1.9920323,0.3888141
2.1093597,0.27074224,1.3205768,1.1742756
1.6410451,0.24991067,0.6345511,2.5204394
0.13035591,1.0819807,2.3954737,1.3932815
1.505653,0.9008071,0.09540767,2.455171
1.748923,0.24369793,0.21267755,3.0401034
1.4318116,1.6286879,0.80567825,1.1480185
1.1441231,1.6184591,1.6345456,0.5298107
0.34600872,-0.06729413,0.84550387,3.8296206
1.0543562,1.5674356,0.0076527344,2.4346743
0.50334734,2.0715861,0.9589695,1.3204216
1.0361642,1.429084,1.8278139,0.72671413
1.5440681,2.3093276,0.10400243,1.2540195
2.2088602,1.4188185,0.5091768,0.66862375
1.5544682,0.48629886,3.009596,0.15817481
0.18680644,1.4532678,2.5470452,0.6677851
0.767431,1.2862036,0.35648167,2.3470523
1.4673367,1.4921348,1.6961569,0.2684524
1.8740623,1.8085377,0.9791795,0.39916652
0.56439847,1.5588306,2.1692781,0.7192581
1.3920559,1.844345,0.37537986,1.4627031
1.0845673,2.2643163,0.7624173,0.8592246
2.265247,0.16883896,2.3055215,0.48386765
0.22312573,2.4689572,1.2999512,0.93230426
1.1898335,1.8313358,1.474804,0.7504964
-0.12360761,3.0738041,1.4712774,0.2705173
2.0424957,0.44448423,2.903368,-0.09086766
1.7422596,1.9833478,0.26489094,0.7600482
1.2135813,1.54998,2.0415952,0.28488773
0.00032926694,1.5327635,1.1903771,2.392435
2.531288,1.4853834,0.4692439,0.3251979
0.2909599,0.85351217,3.5069995,0.21235448
2.1965983,0.014813197,2.329317,0.34617212
1.405187,1.6299762,-0.0032883324,1.9033154
0.723658,1.9193727,1.3749895,0.6541763
2.8643937,0.96434265,0.7600732,0.53112274
1.6679332,1.3438591,0.5640065,1.4995986
2.6892767,-0.24968603,1.5367706,0.7318371
2.2915797,0.5569614,1.2590187,0.9823467
1.0903535,0.3542757,3.257502,0.20106837
2.0861347,0.2718462,0.1433086,2.4599764
0.97220814,2.3402097,1.0386498,0.41253325
1.8349392,0.89166886,1.0441711,1.3022028
-0.0018264588,1.8776385,1.7919607,1.5072154
0.7225288,1.1341497,1.8906702,1.2071315
1.2248815,1.4304937,1.408698,0.7087999
1.2794179,0.56295365,0.7751471,2.3271735
1.1084985,1.1467382,2.1153922,0.51644963
1.4755784,1.1699063,1.7901901,0.7084851
2.2690883,0.1561181,0.96954685,1.5875981
2.3975236,1.2249874,0.35092407,1.2412114
1.2888218,1.5201333,0.46846247,1.8088524
0.3842591,2.1604464,0.6883251,1.978104
1.821326,2.3003538,0.7831497,0.21831034
0.3650555,1.9532882,1.460563,1.6249214
1.3384498,1.5180361,0.52316093,1.7584124
1.6221489,1.467432,1.1585617,0.526914
2.0674915,0.8137436,1.808178,0.31276536
1.4025413,2.1438742,0.29050618,1.33159
0.59858465,0.9505429,2.6576858,0.5972616
0.07654263,1.8431491,1.6498768,1.3770621
2.3593624,0.43198034,1.8679321,0.19913904
1.8020608,0.52213067,2.3888507,0.3703216
1.0310675,2.5691123,1.4640728,0.24753122
2.5379202,1.7085837,0.16078635,0.7394525
2.431928,-0.10119765,2.453292,0.34044477
0.3379676,1.0590348,1.9518609,1.7922682
2.2826173,1.3717265,0.5785432,0.78133243
0.13607004,0.70773363,1.3226666,2.8513505
0.4945681,2.458237,1.3589106,0.6375521
0.98714924,1.7019583,0.49190533,1.9333122
1.3128207,1.4163326,1.5238019,0.510236
1.9833426,0.296726,1.6709985,1.2555515
2.011916,2.0258873,0.14315122,0.72885424
0.9202322,2.3647413,1.2271053,0.24255198
0.89815,2.215888,1.0955977,0.63583237
1.2412288,0.6295875,2.2911599,0.87262017
0.46932516,2.3093972,1.4375082,0.6025983
0.46284467,2.538927,1.1497389,0.7995518
1.5938541,1.0120323,-0.13099918,2.368425
0.7577449,2.3643274,0.4157614,1.4002328
0.989466,2.349943,0.6343197,0.85341716
0.32505354,0.86308956,2.3511949,1.4819758
0.5794555,1.0380211,3.7740533,-0.0538753
1.2918136,1.1456277,-0.08259512,2.176208
1.9530122,0.8400361,1.8736061,0.67392516
-0.15768409,0.55822426,1.7266926,3.0755427
0.21190664,1.046349,3.4276211,0.059874408
2.1149716,0.5715046,1.2641922,0.9587753
1.6767056,1.0167792,0.7723903,1.3658187
0.10622024,2.72525,1.4846181,0.60202795
1.2974024,1.8437611,1.5541365,0.28911993
1.2330767,2.1861706,0.9464044,0.5741049
0.22611502,2.765159,1.848679,0.20454997
1.9750937,1.0019816,1.1325324,0.8246892
1.879804,1.8052402,0.72388786,0.54793215
